{
  "hash": "dd4f3667",
  "configHash": "3ec606f7",
  "lockfileHash": "9c547002",
  "browserHash": "86c28a3e",
  "optimized": {
    "@angular/common": {
      "src": "../../../../../../node_modules/@angular/common/fesm2022/common.mjs",
      "file": "@angular_common.js",
      "fileHash": "57595cbf",
      "needsInterop": false
    },
    "@angular/common/http": {
      "src": "../../../../../../node_modules/@angular/common/fesm2022/http.mjs",
      "file": "@angular_common_http.js",
      "fileHash": "27a623a8",
      "needsInterop": false
    },
    "@angular/core": {
      "src": "../../../../../../node_modules/@angular/core/fesm2022/core.mjs",
      "file": "@angular_core.js",
      "fileHash": "45505a3d",
      "needsInterop": false
    },
    "@angular/forms": {
      "src": "../../../../../../node_modules/@angular/forms/fesm2022/forms.mjs",
      "file": "@angular_forms.js",
      "fileHash": "0ee480a1",
      "needsInterop": false
    },
    "@angular/material/button": {
      "src": "../../../../../../node_modules/@angular/material/fesm2022/button.mjs",
      "file": "@angular_material_button.js",
      "fileHash": "9e9750b4",
      "needsInterop": false
    },
    "@angular/material/form-field": {
      "src": "../../../../../../node_modules/@angular/material/fesm2022/form-field.mjs",
      "file": "@angular_material_form-field.js",
      "fileHash": "ee947224",
      "needsInterop": false
    },
    "@angular/material/input": {
      "src": "../../../../../../node_modules/@angular/material/fesm2022/input.mjs",
      "file": "@angular_material_input.js",
      "fileHash": "ca0e6ee7",
      "needsInterop": false
    },
    "@angular/material/table": {
      "src": "../../../../../../node_modules/@angular/material/fesm2022/table.mjs",
      "file": "@angular_material_table.js",
      "fileHash": "e91c7296",
      "needsInterop": false
    },
    "@angular/platform-browser": {
      "src": "../../../../../../node_modules/@angular/platform-browser/fesm2022/platform-browser.mjs",
      "file": "@angular_platform-browser.js",
      "fileHash": "2e27830f",
      "needsInterop": false
    },
    "@angular/platform-browser/animations": {
      "src": "../../../../../../node_modules/@angular/platform-browser/fesm2022/animations.mjs",
      "file": "@angular_platform-browser_animations.js",
      "fileHash": "589173ca",
      "needsInterop": false
    },
    "@angular/router": {
      "src": "../../../../../../node_modules/@angular/router/fesm2022/router.mjs",
      "file": "@angular_router.js",
      "fileHash": "4a04000f",
      "needsInterop": false
    }
  },
  "chunks": {
    "chunk-KYXGDMS5": {
      "file": "chunk-KYXGDMS5.js"
    },
    "chunk-7FIX7322": {
      "file": "chunk-7FIX7322.js"
    },
    "chunk-XZZ3BGUO": {
      "file": "chunk-XZZ3BGUO.js"
    },
    "chunk-B5UXM56X": {
      "file": "chunk-B5UXM56X.js"
    },
    "chunk-SM7XFSK7": {
      "file": "chunk-SM7XFSK7.js"
    },
    "chunk-DLF3O4UN": {
      "file": "chunk-DLF3O4UN.js"
    },
    "chunk-X2IXRFMT": {
      "file": "chunk-X2IXRFMT.js"
    },
    "chunk-YWJKWU2F": {
      "file": "chunk-YWJKWU2F.js"
    }
  }
}